,Prediction,Actual
0,Fatal,0
1,Fatal,1
2,Fatal,0
3,Fatal,1
4,Fatal,0
5,Fatal,1
6,Fatal,0
7,Fatal,0
8,Fatal,0
9,Fatal,0
10,Fatal,0
11,Fatal,1
12,Fatal,0
13,Fatal,0
14,Fatal,1
15,Fatal,1
16,Fatal,0
17,Fatal,1
18,Fatal,0
19,Fatal,0
20,Fatal,0
21,Fatal,0
22,Fatal,0
23,Fatal,0
24,Fatal,0
25,Fatal,0
26,Fatal,0
27,Fatal,0
28,Fatal,0
29,Fatal,0
30,Fatal,0
31,Fatal,0
32,Fatal,0
33,Fatal,0
34,Fatal,0
35,Fatal,0
36,Fatal,0
37,Fatal,0
38,Fatal,0
39,Fatal,0
40,Fatal,0
41,Fatal,0
42,Fatal,1
43,Fatal,0
44,Fatal,0
45,Fatal,0
46,Fatal,0
47,Fatal,0
48,Fatal,0
49,Fatal,0
50,Fatal,0
51,Fatal,0
52,Fatal,0
53,Fatal,0
54,Fatal,0
55,Fatal,0
56,Fatal,0
57,Fatal,0
58,Fatal,0
59,Fatal,0
60,Fatal,0
61,Fatal,1
62,Fatal,1
63,Fatal,0
64,Fatal,0
65,Fatal,0
66,Fatal,0
67,Fatal,0
68,Fatal,1
69,Fatal,0
70,Fatal,0
71,Fatal,0
72,Fatal,1
73,Fatal,0
74,Fatal,0
75,Fatal,0
76,Fatal,0
77,Fatal,0
78,Fatal,1
79,Fatal,0
80,Fatal,0
81,Fatal,0
82,Fatal,0
83,Fatal,0
84,Fatal,0
85,Fatal,0
86,Fatal,1
87,Fatal,0
88,Fatal,0
89,Fatal,0
90,Fatal,0
91,Fatal,0
92,Fatal,0
93,Fatal,0
94,Fatal,0
95,Fatal,0
96,Fatal,0
97,Fatal,0
98,Fatal,0
99,Fatal,0
100,Fatal,0
101,Fatal,0
102,Fatal,0
103,Fatal,0
104,Fatal,0
105,Fatal,0
106,Fatal,0
107,Fatal,0
108,Fatal,0
109,Fatal,0
110,Fatal,1
111,Fatal,0
112,Fatal,0
113,Fatal,0
114,Fatal,0
115,Fatal,0
116,Fatal,0
117,Fatal,1
118,Fatal,0
119,Fatal,0
120,Fatal,0
121,Fatal,0
122,Fatal,0
123,Fatal,0
124,Fatal,0
125,Fatal,0
126,Fatal,0
127,Fatal,0
128,Fatal,0
129,Fatal,0
130,Fatal,0
131,Fatal,0
132,Fatal,0
133,Fatal,1
134,Fatal,0
135,Fatal,0
136,Fatal,1
137,Fatal,0
138,Fatal,0
139,Fatal,0
140,Fatal,0
141,Fatal,0
142,Fatal,0
143,Fatal,0
144,Fatal,1
145,Fatal,0
146,Fatal,0
147,Fatal,0
148,Fatal,0
149,Fatal,0
150,Fatal,0
151,Fatal,0
152,Fatal,0
153,Fatal,0
154,Fatal,0
155,Fatal,0
156,Fatal,0
157,Fatal,1
158,Fatal,0
159,Fatal,0
160,Fatal,0
161,Fatal,0
162,Fatal,0
163,Fatal,0
164,Fatal,1
165,Fatal,0
166,Fatal,0
167,Fatal,0
168,Fatal,0
169,Fatal,0
170,Fatal,0
171,Fatal,0
172,Fatal,0
173,Fatal,0
174,Fatal,0
175,Fatal,0
176,Fatal,0
177,Fatal,0
178,Fatal,0
179,Fatal,0
180,Fatal,0
181,Fatal,0
182,Fatal,0
183,Fatal,0
184,Fatal,1
185,Fatal,1
186,Fatal,0
187,Fatal,0
188,Fatal,0
189,Fatal,0
190,Fatal,1
191,Fatal,0
192,Fatal,0
193,Fatal,1
194,Fatal,0
195,Fatal,0
196,Fatal,0
197,Fatal,0
198,Fatal,0
199,Fatal,1
200,Fatal,0
201,Fatal,0
202,Fatal,1
203,Fatal,0
204,Fatal,1
205,Fatal,0
206,Fatal,1
207,Fatal,0
208,Fatal,0
209,Fatal,1
210,Fatal,0
211,Fatal,0
212,Fatal,0
213,Fatal,0
214,Fatal,0
215,Fatal,0
216,Fatal,0
217,Fatal,0
218,Fatal,1
219,Fatal,1
220,Fatal,0
221,Fatal,0
222,Fatal,0
223,Fatal,0
224,Fatal,0
225,Fatal,0
226,Fatal,0
227,Fatal,0
228,Fatal,0
229,Fatal,1
230,Fatal,0
231,Fatal,0
232,Fatal,1
233,Fatal,1
234,Fatal,0
235,Fatal,0
236,Fatal,0
237,Fatal,0
238,Fatal,1
239,Fatal,0
240,Fatal,0
241,Fatal,1
242,Fatal,0
243,Fatal,0
244,Fatal,0
245,Fatal,0
246,Fatal,0
247,Fatal,0
248,Fatal,0
249,Fatal,0
250,Fatal,0
251,Fatal,1
252,Fatal,0
253,Fatal,1
254,Fatal,0
255,Fatal,0
256,Fatal,0
257,Fatal,0
258,Fatal,0
259,Fatal,0
260,Fatal,0
261,Fatal,0
262,Fatal,1
263,Fatal,1
264,Fatal,0
265,Fatal,0
266,Fatal,0
267,Fatal,0
268,Fatal,0
269,Fatal,0
270,Fatal,0
271,Fatal,1
272,Fatal,0
273,Fatal,0
274,Fatal,0
275,Fatal,0
276,Fatal,0
277,Fatal,0
278,Fatal,0
279,Fatal,0
280,Fatal,0
281,Fatal,0
282,Fatal,0
283,Fatal,1
284,Fatal,0
285,Fatal,0
286,Fatal,0
287,Fatal,1
288,Fatal,1
289,Fatal,0
290,Fatal,0
291,Fatal,0
292,Fatal,0
293,Fatal,0
294,Fatal,0
295,Fatal,0
296,Fatal,0
297,Fatal,0
298,Fatal,0
299,Fatal,0
300,Fatal,0
301,Fatal,0
302,Fatal,0
303,Fatal,0
304,Fatal,0
305,Fatal,0
306,Fatal,0
307,Fatal,0
308,Fatal,0
309,Fatal,1
310,Fatal,0
311,Fatal,1
312,Fatal,0
313,Fatal,0
314,Fatal,0
315,Fatal,1
316,Fatal,0
317,Fatal,0
318,Fatal,0
319,Fatal,0
320,Non-Fatal Injury,1
321,Fatal,0
322,Fatal,0
323,Fatal,1
324,Fatal,0
325,Fatal,1
326,Fatal,0
327,Fatal,0
328,Fatal,0
329,Fatal,0
330,Fatal,0
331,Fatal,1
332,Fatal,0
333,Fatal,0
334,Fatal,0
335,Fatal,0
336,Fatal,0
337,Fatal,0
338,Fatal,0
339,Fatal,0
340,Fatal,0
341,Fatal,1
342,Fatal,0
343,Fatal,0
344,Fatal,0
345,Fatal,0
346,Fatal,0
347,Fatal,0
348,Fatal,1
349,Fatal,0
350,Fatal,0
351,Fatal,0
352,Fatal,0
353,Fatal,0
354,Fatal,0
355,Fatal,0
356,Fatal,1
357,Fatal,0
358,Fatal,0
359,Fatal,0
360,Fatal,0
361,Fatal,1
362,Fatal,0
363,Fatal,0
364,Fatal,0
365,Fatal,0
366,Fatal,0
367,Fatal,1
368,Fatal,1
369,Fatal,0
370,Fatal,0
371,Fatal,0
372,Fatal,0
373,Fatal,0
374,Fatal,0
375,Fatal,0
376,Fatal,0
377,Fatal,0
378,Fatal,0
379,Fatal,1
380,Fatal,0
381,Fatal,1
382,Fatal,0
383,Fatal,1
384,Fatal,0
385,Fatal,0
386,Fatal,0
387,Fatal,0
388,Fatal,0
389,Fatal,0
390,Fatal,0
391,Fatal,1
392,Fatal,0
393,Fatal,0
394,Fatal,1
395,Fatal,0
396,Fatal,0
397,Fatal,0
398,Fatal,0
399,Fatal,1
400,Fatal,0
401,Fatal,0
402,Fatal,0
403,Fatal,0
404,Fatal,0
405,Fatal,0
406,Fatal,0
407,Fatal,0
408,Fatal,1
409,Fatal,0
410,Fatal,0
411,Fatal,0
412,Fatal,0
413,Fatal,0
414,Fatal,0
415,Fatal,0
416,Fatal,0
417,Fatal,0
418,Fatal,0
419,Fatal,0
420,Fatal,0
421,Fatal,0
422,Fatal,1
423,Fatal,0
424,Fatal,0
425,Fatal,1
426,Fatal,0
427,Fatal,1
428,Fatal,0
429,Fatal,0
430,Fatal,0
431,Fatal,0
432,Fatal,0
433,Fatal,0
434,Fatal,0
435,Fatal,0
436,Fatal,0
437,Fatal,1
438,Fatal,0
439,Fatal,0
440,Fatal,1
441,Fatal,0
442,Fatal,0
443,Fatal,0
444,Fatal,0
445,Fatal,0
446,Fatal,1
447,Fatal,0
448,Fatal,0
449,Fatal,1
450,Fatal,1
451,Fatal,0
452,Fatal,0
453,Fatal,1
454,Fatal,0
455,Fatal,0
456,Fatal,0
457,Fatal,0
458,Fatal,0
459,Fatal,0
460,Fatal,0
461,Fatal,0
462,Fatal,0
463,Fatal,0
464,Fatal,1
465,Fatal,1
466,Fatal,1
467,Fatal,0
468,Fatal,0
469,Fatal,0
470,Fatal,0
471,Fatal,0
472,Fatal,0
473,Fatal,0
474,Fatal,0
475,Fatal,0
476,Fatal,0
477,Fatal,0
478,Fatal,0
479,Fatal,0
480,Fatal,0
481,Fatal,1
482,Fatal,0
483,Fatal,0
484,Fatal,0
485,Fatal,0
486,Fatal,0
487,Fatal,0
488,Fatal,0
489,Fatal,0
490,Fatal,0
491,Fatal,0
492,Fatal,0
493,Fatal,1
494,Fatal,0
495,Fatal,1
496,Fatal,0
497,Fatal,0
498,Fatal,0
499,Fatal,0
500,Fatal,0
501,Fatal,0
502,Fatal,0
503,Fatal,0
504,Fatal,1
505,Fatal,0
506,Fatal,1
507,Fatal,1
508,Fatal,0
509,Fatal,0
510,Fatal,0
511,Fatal,0
512,Fatal,1
513,Fatal,0
514,Fatal,0
515,Fatal,0
516,Fatal,0
517,Fatal,0
518,Fatal,0
519,Fatal,0
520,Fatal,1
521,Fatal,0
522,Fatal,0
523,Fatal,0
524,Fatal,0
525,Fatal,0
526,Fatal,0
527,Fatal,1
528,Fatal,0
529,Fatal,0
530,Fatal,0
531,Fatal,0
532,Fatal,0
533,Fatal,0
534,Fatal,0
535,Fatal,0
536,Fatal,0
537,Fatal,0
538,Fatal,1
539,Fatal,0
540,Fatal,0
541,Fatal,0
542,Fatal,0
543,Fatal,0
544,Fatal,1
545,Fatal,0
546,Fatal,0
547,Fatal,0
548,Fatal,0
549,Fatal,0
550,Fatal,0
551,Fatal,0
552,Fatal,0
553,Fatal,0
554,Fatal,1
555,Fatal,1
556,Fatal,0
557,Fatal,1
558,Fatal,0
559,Fatal,0
560,Fatal,0
561,Fatal,0
562,Fatal,0
563,Fatal,1
564,Fatal,1
565,Fatal,0
566,Fatal,0
567,Fatal,0
568,Fatal,0
569,Fatal,0
570,Fatal,0
571,Fatal,0
572,Fatal,0
573,Fatal,0
574,Fatal,0
575,Fatal,0
576,Fatal,0
577,Fatal,0
578,Fatal,0
579,Fatal,0
580,Fatal,0
581,Fatal,0
582,Fatal,0
583,Fatal,0
584,Fatal,0
585,Fatal,0
586,Fatal,0
587,Fatal,0
588,Fatal,0
589,Fatal,0
590,Fatal,0
591,Fatal,0
592,Fatal,0
593,Fatal,0
594,Fatal,1
595,Fatal,0
596,Fatal,0
597,Fatal,0
598,Fatal,0
599,Fatal,0
600,Fatal,0
601,Fatal,0
602,Fatal,0
603,Fatal,0
604,Fatal,0
605,Fatal,0
606,Fatal,0
607,Fatal,0
608,Fatal,0
609,Fatal,0
610,Fatal,0
611,Fatal,0
612,Fatal,1
613,Fatal,0
614,Fatal,0
615,Fatal,0
616,Fatal,0
617,Fatal,0
618,Fatal,0
619,Fatal,1
620,Fatal,0
621,Fatal,0
622,Fatal,0
623,Fatal,0
624,Fatal,0
625,Fatal,0
626,Fatal,0
627,Fatal,1
628,Fatal,0
629,Non-Fatal Injury,1
630,Fatal,0
631,Fatal,0
632,Fatal,0
633,Fatal,0
634,Fatal,0
635,Fatal,0
636,Fatal,0
637,Fatal,0
638,Fatal,0
639,Fatal,0
640,Fatal,0
641,Fatal,0
642,Fatal,0
643,Fatal,1
644,Fatal,0
645,Fatal,0
646,Fatal,0
647,Fatal,0
648,Fatal,0
649,Fatal,1
650,Fatal,0
651,Fatal,0
652,Fatal,0
653,Fatal,0
654,Fatal,0
655,Fatal,1
656,Fatal,0
657,Fatal,0
658,Fatal,0
659,Fatal,0
660,Fatal,0
661,Fatal,0
662,Fatal,0
663,Fatal,1
664,Fatal,1
665,Fatal,1
666,Fatal,0
667,Fatal,0
668,Fatal,0
669,Fatal,0
670,Fatal,0
671,Fatal,1
672,Fatal,0
673,Fatal,0
674,Fatal,0
675,Fatal,0
676,Fatal,0
677,Fatal,0
678,Fatal,1
679,Fatal,0
680,Fatal,0
681,Fatal,0
682,Fatal,0
683,Fatal,1
684,Fatal,0
685,Fatal,0
686,Fatal,1
687,Fatal,0
688,Fatal,0
689,Fatal,0
690,Fatal,1
691,Fatal,0
692,Fatal,0
693,Fatal,0
694,Fatal,0
695,Fatal,0
696,Fatal,0
697,Fatal,0
698,Fatal,0
699,Fatal,0
700,Fatal,0
701,Fatal,0
702,Fatal,0
703,Fatal,0
704,Fatal,0
705,Fatal,0
706,Fatal,1
707,Fatal,0
708,Fatal,0
709,Fatal,0
710,Fatal,0
711,Fatal,0
712,Fatal,0
713,Fatal,0
714,Fatal,0
715,Fatal,1
716,Fatal,0
717,Fatal,0
718,Fatal,1
719,Fatal,0
720,Fatal,1
721,Fatal,0
722,Fatal,0
723,Fatal,0
724,Fatal,0
725,Fatal,0
726,Fatal,0
727,Fatal,0
728,Fatal,1
729,Fatal,0
730,Fatal,0
731,Fatal,0
732,Fatal,0
733,Fatal,0
734,Fatal,0
735,Fatal,0
736,Fatal,0
737,Fatal,0
738,Fatal,0
739,Fatal,0
740,Fatal,0
741,Fatal,1
742,Fatal,0
743,Fatal,0
744,Fatal,0
745,Fatal,0
746,Fatal,0
747,Fatal,0
748,Fatal,1
749,Fatal,0
750,Fatal,0
751,Fatal,0
752,Fatal,1
753,Fatal,0
754,Fatal,1
755,Fatal,0
756,Fatal,0
757,Fatal,0
758,Fatal,1
759,Fatal,0
760,Fatal,0
761,Fatal,0
762,Fatal,0
763,Fatal,0
764,Fatal,0
765,Fatal,0
766,Fatal,1
767,Fatal,0
768,Fatal,0
769,Fatal,0
770,Fatal,0
771,Fatal,0
772,Fatal,0
773,Fatal,0
774,Fatal,0
775,Fatal,0
776,Fatal,0
777,Fatal,0
778,Fatal,0
779,Fatal,1
780,Fatal,0
781,Fatal,0
782,Fatal,0
783,Fatal,0
784,Fatal,0
785,Fatal,0
786,Fatal,0
787,Fatal,0
788,Fatal,0
789,Fatal,0
790,Fatal,0
791,Fatal,1
792,Fatal,0
793,Fatal,0
794,Fatal,1
795,Fatal,0
796,Fatal,0
797,Fatal,0
798,Fatal,0
799,Fatal,0
800,Fatal,0
801,Fatal,0
802,Fatal,0
803,Fatal,0
804,Fatal,0
805,Fatal,0
806,Fatal,0
807,Fatal,0
808,Fatal,1
809,Fatal,0
810,Fatal,0
811,Fatal,0
812,Fatal,0
813,Fatal,0
814,Fatal,0
815,Fatal,0
816,Fatal,0
817,Fatal,0
818,Fatal,0
819,Fatal,0
820,Fatal,0
821,Fatal,0
822,Fatal,0
823,Fatal,0
824,Fatal,0
825,Fatal,1
826,Fatal,0
827,Fatal,0
828,Fatal,0
829,Fatal,0
830,Fatal,0
831,Fatal,0
832,Fatal,0
833,Fatal,0
834,Fatal,0
835,Fatal,0
836,Non-Fatal Injury,0
837,Fatal,0
838,Fatal,0
839,Fatal,0
840,Fatal,0
841,Fatal,0
842,Fatal,1
843,Fatal,0
844,Fatal,0
845,Fatal,0
846,Fatal,0
847,Fatal,0
848,Fatal,0
849,Fatal,0
850,Fatal,0
851,Fatal,0
852,Fatal,0
853,Fatal,0
854,Fatal,0
855,Fatal,1
856,Fatal,1
857,Fatal,0
858,Fatal,1
859,Fatal,0
860,Fatal,0
861,Fatal,0
862,Fatal,0
863,Fatal,0
864,Fatal,0
865,Fatal,0
866,Fatal,0
867,Fatal,0
868,Fatal,0
869,Fatal,0
870,Fatal,0
871,Fatal,0
872,Fatal,0
873,Fatal,1
874,Fatal,1
875,Fatal,1
876,Fatal,1
877,Fatal,0
878,Fatal,0
879,Fatal,0
880,Fatal,0
881,Fatal,0
882,Fatal,0
883,Fatal,0
884,Fatal,1
885,Fatal,0
886,Fatal,1
887,Fatal,0
888,Fatal,0
889,Fatal,1
890,Fatal,0
891,Fatal,0
892,Fatal,0
893,Fatal,0
894,Fatal,0
895,Fatal,0
896,Fatal,0
897,Fatal,0
898,Fatal,0
899,Fatal,0
900,Fatal,0
901,Fatal,0
902,Fatal,0
903,Fatal,0
904,Fatal,0
905,Fatal,0
906,Fatal,0
907,Fatal,0
908,Fatal,0
909,Fatal,0
910,Fatal,0
911,Fatal,0
912,Fatal,0
913,Fatal,0
914,Fatal,0
915,Fatal,0
916,Fatal,0
917,Fatal,0
918,Fatal,0
919,Fatal,0
920,Fatal,0
921,Fatal,0
922,Fatal,0
923,Fatal,0
924,Fatal,0
925,Fatal,0
926,Fatal,0
927,Fatal,0
928,Fatal,0
929,Fatal,1
930,Fatal,0
931,Fatal,1
932,Fatal,0
933,Fatal,0
934,Fatal,0
935,Fatal,0
936,Fatal,1
937,Fatal,0
938,Fatal,0
939,Fatal,0
940,Fatal,0
941,Fatal,1
942,Fatal,0
943,Fatal,0
944,Fatal,0
945,Fatal,0
946,Fatal,0
947,Fatal,0
948,Fatal,0
949,Fatal,0
950,Fatal,0
951,Fatal,0
952,Fatal,0
953,Fatal,0
954,Fatal,0
955,Fatal,0
956,Fatal,0
957,Fatal,1
958,Fatal,0
959,Fatal,0
960,Fatal,0
961,Fatal,0
962,Fatal,1
963,Fatal,0
964,Fatal,0
965,Fatal,0
966,Fatal,0
967,Fatal,0
968,Fatal,0
969,Fatal,0
970,Fatal,0
971,Fatal,0
972,Fatal,0
973,Fatal,0
974,Fatal,0
975,Fatal,0
976,Fatal,0
977,Fatal,0
978,Fatal,0
979,Fatal,0
980,Fatal,0
981,Fatal,0
982,Fatal,1
983,Fatal,0
984,Fatal,0
985,Fatal,0
986,Fatal,0
987,Fatal,0
988,Fatal,0
989,Fatal,0
990,Fatal,0
991,Fatal,0
992,Fatal,0
993,Fatal,1
994,Fatal,1
995,Fatal,0
996,Fatal,0
997,Fatal,0
998,Fatal,0
999,Fatal,0
1000,Fatal,0
1001,Fatal,0
1002,Fatal,0
1003,Fatal,0
1004,Fatal,1
1005,Fatal,0
1006,Fatal,1
1007,Fatal,0
1008,Fatal,1
1009,Fatal,0
1010,Fatal,1
1011,Fatal,0
1012,Fatal,0
1013,Fatal,0
1014,Fatal,0
1015,Fatal,0
1016,Fatal,0
1017,Fatal,0
1018,Fatal,1
1019,Fatal,0
1020,Fatal,0
1021,Fatal,0
1022,Fatal,0
1023,Fatal,0
1024,Fatal,0
1025,Fatal,0
1026,Fatal,0
1027,Fatal,0
1028,Fatal,0
1029,Fatal,1
1030,Fatal,0
1031,Fatal,0
1032,Fatal,0
1033,Fatal,0
1034,Fatal,0
1035,Fatal,0
1036,Fatal,0
1037,Fatal,1
1038,Fatal,0
1039,Fatal,0
1040,Fatal,0
1041,Fatal,0
1042,Fatal,0
1043,Fatal,0
1044,Fatal,0
1045,Fatal,0
1046,Fatal,0
1047,Fatal,0
1048,Fatal,0
1049,Fatal,0
1050,Fatal,0
1051,Fatal,0
1052,Fatal,0
1053,Fatal,0
1054,Fatal,0
1055,Fatal,0
1056,Fatal,0
1057,Fatal,0
1058,Fatal,0
1059,Fatal,0
1060,Fatal,0
1061,Fatal,0
1062,Fatal,0
1063,Fatal,0
1064,Fatal,0
1065,Fatal,0
1066,Fatal,0
1067,Fatal,0
1068,Fatal,0
1069,Fatal,1
1070,Fatal,0
1071,Fatal,0
1072,Fatal,1
1073,Fatal,0
1074,Fatal,0
1075,Fatal,1
1076,Fatal,0
1077,Fatal,0
1078,Fatal,0
1079,Fatal,0
1080,Fatal,1
1081,Fatal,0
1082,Fatal,0
1083,Fatal,0
1084,Fatal,0
1085,Fatal,0
1086,Fatal,0
1087,Fatal,0
1088,Fatal,0
1089,Fatal,0
1090,Fatal,0
1091,Fatal,0
1092,Fatal,1
1093,Fatal,0
1094,Fatal,0
1095,Fatal,0
1096,Fatal,0
1097,Fatal,0
1098,Fatal,0
1099,Fatal,0
1100,Fatal,0
1101,Fatal,0
1102,Fatal,0
1103,Fatal,0
1104,Fatal,0
1105,Fatal,0
1106,Fatal,1
1107,Fatal,0
1108,Fatal,1
1109,Fatal,0
1110,Fatal,0
1111,Fatal,0
1112,Fatal,0
1113,Fatal,0
1114,Fatal,0
1115,Fatal,1
1116,Fatal,0
1117,Fatal,1
1118,Fatal,0
1119,Fatal,0
1120,Fatal,0
1121,Fatal,0
1122,Fatal,1
1123,Fatal,0
1124,Fatal,0
1125,Fatal,0
1126,Fatal,1
1127,Fatal,0
1128,Fatal,0
1129,Fatal,0
1130,Fatal,0
1131,Fatal,0
1132,Fatal,0
1133,Fatal,0
1134,Fatal,0
1135,Fatal,0
1136,Fatal,0
1137,Fatal,0
1138,Fatal,1
1139,Fatal,0
1140,Fatal,0
1141,Fatal,1
1142,Fatal,0
1143,Fatal,0
1144,Fatal,0
1145,Fatal,1
1146,Fatal,0
1147,Fatal,0
1148,Fatal,0
1149,Fatal,0
1150,Fatal,0
1151,Fatal,0
1152,Fatal,0
1153,Fatal,0
1154,Fatal,0
1155,Fatal,0
1156,Fatal,0
1157,Fatal,0
1158,Fatal,0
1159,Fatal,0
1160,Fatal,0
1161,Fatal,0
1162,Fatal,1
1163,Fatal,0
1164,Fatal,0
1165,Fatal,0
1166,Fatal,0
1167,Fatal,0
1168,Fatal,0
1169,Fatal,1
1170,Fatal,1
1171,Fatal,0
1172,Fatal,0
1173,Fatal,0
1174,Fatal,0
1175,Fatal,0
1176,Fatal,0
1177,Fatal,1
1178,Fatal,0
1179,Fatal,0
1180,Fatal,0
1181,Fatal,1
1182,Fatal,0
1183,Fatal,0
1184,Fatal,0
1185,Fatal,0
1186,Fatal,0
1187,Fatal,1
1188,Fatal,0
1189,Fatal,0
1190,Fatal,1
1191,Fatal,0
1192,Fatal,0
1193,Fatal,0
1194,Fatal,1
1195,Fatal,0
1196,Fatal,0
1197,Fatal,0
1198,Fatal,0
1199,Fatal,1
1200,Fatal,0
1201,Fatal,0
1202,Fatal,0
1203,Fatal,0
1204,Fatal,0
1205,Fatal,0
1206,Fatal,0
1207,Fatal,1
1208,Fatal,0
1209,Fatal,0
1210,Fatal,0
1211,Fatal,0
1212,Fatal,1
1213,Fatal,0
1214,Fatal,0
1215,Fatal,0
1216,Fatal,0
1217,Fatal,0
1218,Fatal,0
1219,Fatal,0
1220,Fatal,0
1221,Fatal,0
1222,Fatal,0
1223,Fatal,1
1224,Fatal,0
1225,Fatal,0
1226,Fatal,0
1227,Fatal,1
1228,Fatal,0
1229,Fatal,0
1230,Fatal,0
1231,Fatal,0
1232,Fatal,1
1233,Fatal,0
1234,Fatal,0
1235,Fatal,0
1236,Fatal,0
1237,Fatal,0
1238,Fatal,0
1239,Fatal,0
1240,Fatal,0
1241,Fatal,0
1242,Fatal,1
1243,Fatal,0
1244,Fatal,0
1245,Fatal,1
1246,Fatal,0
1247,Fatal,0
1248,Fatal,0
1249,Fatal,0
1250,Fatal,0
1251,Fatal,0
1252,Non-Fatal Injury,0
1253,Fatal,0
1254,Fatal,0
1255,Fatal,0
1256,Fatal,0
1257,Fatal,0
1258,Fatal,0
1259,Fatal,0
1260,Fatal,0
1261,Fatal,0
1262,Fatal,0
1263,Fatal,0
1264,Fatal,0
1265,Fatal,0
1266,Fatal,1
1267,Fatal,0
1268,Fatal,0
1269,Fatal,0
1270,Fatal,0
1271,Fatal,0
1272,Fatal,0
1273,Fatal,0
1274,Fatal,1
1275,Fatal,0
1276,Fatal,0
1277,Fatal,0
1278,Fatal,0
1279,Fatal,0
1280,Fatal,0
1281,Fatal,0
1282,Fatal,0
1283,Fatal,0
1284,Fatal,0
1285,Fatal,0
1286,Fatal,0
1287,Fatal,0
1288,Fatal,0
1289,Fatal,0
1290,Fatal,0
1291,Fatal,0
1292,Fatal,0
1293,Fatal,0
1294,Fatal,0
1295,Fatal,0
1296,Fatal,0
1297,Fatal,0
1298,Fatal,1
1299,Fatal,0
1300,Fatal,0
1301,Non-Fatal Injury,1
1302,Fatal,0
1303,Fatal,0
1304,Fatal,0
1305,Fatal,0
1306,Fatal,0
1307,Fatal,0
1308,Fatal,0
1309,Fatal,0
1310,Fatal,0
1311,Fatal,0
1312,Fatal,0
1313,Fatal,0
1314,Fatal,0
1315,Fatal,0
1316,Fatal,0
1317,Fatal,0
1318,Fatal,0
1319,Fatal,0
1320,Fatal,1
1321,Fatal,0
1322,Fatal,1
1323,Fatal,0
1324,Fatal,0
1325,Fatal,0
1326,Fatal,0
1327,Fatal,0
1328,Fatal,0
1329,Fatal,0
1330,Fatal,0
1331,Fatal,1
1332,Fatal,0
1333,Fatal,0
1334,Fatal,0
1335,Fatal,1
1336,Fatal,0
1337,Fatal,1
1338,Fatal,0
1339,Fatal,0
1340,Fatal,0
1341,Fatal,1
1342,Fatal,1
1343,Fatal,0
1344,Fatal,0
1345,Fatal,0
1346,Fatal,1
1347,Fatal,1
1348,Fatal,0
1349,Fatal,0
1350,Fatal,0
1351,Fatal,1
1352,Fatal,0
1353,Fatal,0
1354,Fatal,0
1355,Fatal,0
1356,Fatal,0
1357,Fatal,0
1358,Fatal,0
1359,Fatal,0
1360,Fatal,0
1361,Fatal,0
1362,Fatal,0
1363,Fatal,0
1364,Fatal,0
1365,Fatal,0
1366,Fatal,0
1367,Fatal,0
1368,Fatal,0
1369,Fatal,0
1370,Fatal,0
1371,Fatal,0
1372,Fatal,1
1373,Fatal,1
1374,Fatal,0
1375,Fatal,0
1376,Fatal,0
1377,Fatal,0
1378,Fatal,1
1379,Fatal,0
1380,Fatal,0
1381,Fatal,0
1382,Fatal,0
1383,Fatal,0
1384,Fatal,0
1385,Fatal,0
1386,Fatal,0
1387,Fatal,0
1388,Fatal,0
1389,Fatal,0
1390,Fatal,0
1391,Fatal,0
1392,Fatal,0
1393,Fatal,0
1394,Fatal,1
1395,Fatal,0
1396,Fatal,1
1397,Fatal,0
1398,Fatal,0
1399,Fatal,0
1400,Fatal,0
1401,Fatal,0
1402,Fatal,0
1403,Fatal,0
1404,Fatal,1
1405,Fatal,0
1406,Fatal,1
1407,Fatal,0
1408,Fatal,1
1409,Fatal,0
1410,Fatal,0
1411,Fatal,0
1412,Fatal,0
1413,Fatal,1
1414,Fatal,0
1415,Fatal,0
1416,Fatal,1
1417,Fatal,1
1418,Fatal,0
1419,Fatal,0
1420,Fatal,0
1421,Fatal,0
1422,Fatal,0
1423,Fatal,0
1424,Fatal,0
1425,Fatal,1
1426,Fatal,0
1427,Fatal,0
1428,Fatal,0
1429,Fatal,1
1430,Fatal,1
1431,Fatal,0
1432,Fatal,0
1433,Fatal,0
1434,Fatal,0
1435,Fatal,0
1436,Fatal,0
1437,Fatal,0
1438,Fatal,0
1439,Fatal,0
1440,Fatal,0
1441,Fatal,0
1442,Fatal,1
1443,Fatal,0
1444,Fatal,0
1445,Fatal,0
1446,Fatal,0
1447,Fatal,0
1448,Fatal,0
1449,Fatal,1
1450,Fatal,0
1451,Fatal,1
1452,Fatal,0
1453,Fatal,1
1454,Fatal,0
1455,Fatal,0
1456,Fatal,0
1457,Fatal,0
1458,Fatal,1
1459,Fatal,0
1460,Fatal,0
1461,Fatal,0
1462,Fatal,0
1463,Fatal,0
1464,Fatal,0
1465,Fatal,0
1466,Fatal,0
1467,Fatal,0
1468,Fatal,0
1469,Fatal,0
1470,Fatal,0
1471,Fatal,0
1472,Fatal,0
1473,Fatal,0
1474,Fatal,0
1475,Fatal,0
1476,Fatal,0
1477,Fatal,0
1478,Fatal,0
1479,Fatal,0
1480,Fatal,0
1481,Fatal,0
1482,Fatal,0
1483,Fatal,0
1484,Fatal,0
1485,Fatal,0
1486,Fatal,0
1487,Fatal,0
1488,Fatal,0
1489,Fatal,0
1490,Fatal,1
1491,Fatal,0
1492,Fatal,0
1493,Fatal,0
1494,Fatal,0
1495,Fatal,0
1496,Fatal,0
1497,Fatal,0
1498,Fatal,0
1499,Fatal,0
1500,Fatal,0
1501,Fatal,0
1502,Fatal,0
1503,Fatal,1
1504,Fatal,0
1505,Fatal,1
1506,Fatal,0
1507,Fatal,0
1508,Fatal,0
1509,Fatal,1
1510,Fatal,0
1511,Fatal,0
1512,Fatal,0
1513,Fatal,0
1514,Fatal,0
1515,Fatal,0
1516,Fatal,0
1517,Fatal,0
1518,Fatal,0
1519,Fatal,0
1520,Fatal,0
1521,Fatal,0
1522,Fatal,0
1523,Fatal,1
1524,Fatal,0
1525,Fatal,0
1526,Fatal,0
1527,Fatal,0
1528,Fatal,0
1529,Fatal,0
1530,Fatal,0
1531,Fatal,0
1532,Fatal,0
1533,Fatal,1
1534,Fatal,1
1535,Fatal,0
1536,Fatal,0
1537,Fatal,0
1538,Fatal,0
1539,Fatal,0
1540,Fatal,0
1541,Fatal,0
1542,Fatal,0
1543,Fatal,1
1544,Fatal,0
1545,Fatal,0
1546,Fatal,0
1547,Fatal,0
1548,Non-Fatal Injury,0
1549,Fatal,0
1550,Fatal,0
1551,Fatal,0
1552,Fatal,0
1553,Fatal,0
1554,Fatal,0
1555,Fatal,0
1556,Fatal,0
1557,Fatal,0
1558,Fatal,1
1559,Fatal,0
1560,Fatal,0
1561,Fatal,0
1562,Fatal,0
1563,Fatal,0
1564,Fatal,0
1565,Fatal,0
1566,Fatal,0
1567,Fatal,0
1568,Fatal,0
1569,Fatal,0
1570,Fatal,0
1571,Fatal,0
1572,Fatal,0
1573,Fatal,0
1574,Fatal,1
1575,Fatal,0
1576,Fatal,1
1577,Fatal,1
1578,Fatal,0
1579,Fatal,0
1580,Fatal,0
1581,Fatal,0
1582,Fatal,0
1583,Fatal,0
1584,Fatal,1
1585,Fatal,0
1586,Fatal,0
1587,Fatal,0
1588,Fatal,0
1589,Fatal,0
1590,Fatal,0
1591,Fatal,0
1592,Fatal,0
1593,Fatal,0
1594,Fatal,0
1595,Fatal,0
1596,Fatal,0
1597,Fatal,0
1598,Fatal,0
1599,Fatal,0
1600,Fatal,0
1601,Fatal,0
1602,Fatal,0
1603,Fatal,0
1604,Fatal,0
1605,Fatal,0
1606,Fatal,0
1607,Fatal,0
1608,Fatal,0
1609,Fatal,0
1610,Fatal,0
1611,Fatal,0
1612,Fatal,0
1613,Fatal,0
1614,Fatal,1
1615,Fatal,0
1616,Non-Fatal Injury,0
1617,Fatal,0
1618,Fatal,0
1619,Fatal,0
1620,Fatal,1
1621,Fatal,0
1622,Fatal,0
1623,Fatal,1
1624,Fatal,0
1625,Fatal,0
1626,Fatal,0
1627,Fatal,0
1628,Fatal,0
1629,Fatal,0
1630,Fatal,0
1631,Fatal,0
1632,Fatal,0
1633,Fatal,0
1634,Fatal,1
1635,Non-Fatal Injury,0
1636,Fatal,0
1637,Fatal,1
1638,Fatal,1
1639,Fatal,0
1640,Fatal,0
1641,Fatal,0
1642,Fatal,0
1643,Fatal,0
1644,Fatal,0
1645,Fatal,0
1646,Fatal,0
1647,Fatal,0
1648,Fatal,0
1649,Fatal,0
1650,Fatal,1
1651,Fatal,0
1652,Fatal,0
1653,Fatal,0
1654,Fatal,0
1655,Fatal,0
1656,Fatal,0
1657,Fatal,0
1658,Fatal,0
1659,Fatal,0
1660,Fatal,0
1661,Fatal,0
1662,Fatal,0
1663,Fatal,0
1664,Fatal,0
1665,Fatal,0
1666,Fatal,0
1667,Fatal,0
1668,Fatal,1
1669,Fatal,1
1670,Fatal,0
1671,Fatal,0
1672,Fatal,0
1673,Fatal,0
1674,Fatal,0
1675,Fatal,0
1676,Fatal,0
1677,Fatal,0
1678,Fatal,0
1679,Fatal,0
1680,Fatal,0
1681,Fatal,0
1682,Non-Fatal Injury,1
1683,Fatal,0
1684,Fatal,0
1685,Fatal,0
1686,Fatal,1
1687,Fatal,0
1688,Non-Fatal Injury,0
1689,Fatal,0
1690,Fatal,0
1691,Fatal,1
1692,Fatal,0
1693,Fatal,0
1694,Fatal,0
1695,Fatal,1
1696,Fatal,0
1697,Fatal,0
1698,Fatal,0
1699,Fatal,0
1700,Fatal,0
1701,Fatal,0
1702,Fatal,0
1703,Fatal,0
1704,Fatal,0
1705,Fatal,1
1706,Fatal,1
1707,Fatal,0
1708,Fatal,0
1709,Fatal,1
1710,Fatal,0
1711,Fatal,0
1712,Fatal,1
1713,Fatal,0
1714,Fatal,1
1715,Fatal,1
1716,Fatal,0
1717,Fatal,1
1718,Fatal,0
1719,Fatal,1
1720,Fatal,0
1721,Fatal,0
1722,Fatal,0
1723,Fatal,0
1724,Fatal,0
1725,Fatal,0
1726,Fatal,0
1727,Fatal,0
1728,Fatal,0
1729,Fatal,0
1730,Fatal,0
1731,Fatal,0
1732,Fatal,1
1733,Fatal,1
1734,Fatal,0
1735,Fatal,0
1736,Fatal,0
1737,Fatal,0
1738,Fatal,0
1739,Fatal,0
1740,Fatal,0
1741,Fatal,0
1742,Fatal,0
1743,Fatal,1
1744,Fatal,0
1745,Fatal,0
1746,Fatal,1
1747,Fatal,0
1748,Fatal,1
1749,Fatal,0
1750,Fatal,0
1751,Fatal,0
1752,Non-Fatal Injury,1
1753,Fatal,0
1754,Fatal,0
1755,Fatal,0
1756,Fatal,0
1757,Fatal,1
1758,Fatal,0
1759,Fatal,0
1760,Fatal,0
1761,Fatal,1
1762,Fatal,0
1763,Fatal,1
1764,Fatal,0
1765,Fatal,1
1766,Fatal,0
1767,Fatal,0
1768,Fatal,0
1769,Fatal,0
1770,Fatal,1
1771,Fatal,0
1772,Fatal,0
1773,Fatal,0
1774,Fatal,0
1775,Fatal,0
1776,Fatal,0
1777,Fatal,0
1778,Fatal,0
1779,Fatal,0
1780,Fatal,0
1781,Fatal,0
1782,Fatal,0
1783,Fatal,0
1784,Fatal,1
1785,Fatal,0
1786,Fatal,0
1787,Fatal,0
1788,Fatal,0
1789,Fatal,0
1790,Fatal,1
1791,Fatal,0
1792,Fatal,0
1793,Fatal,0
1794,Fatal,0
1795,Fatal,0
1796,Fatal,0
1797,Fatal,0
1798,Fatal,0
1799,Fatal,0
1800,Fatal,0
1801,Fatal,0
1802,Fatal,0
1803,Fatal,0
1804,Fatal,0
1805,Fatal,0
1806,Fatal,0
1807,Fatal,0
1808,Fatal,0
1809,Fatal,0
1810,Fatal,0
1811,Fatal,0
1812,Fatal,0
1813,Fatal,0
1814,Fatal,0
1815,Fatal,0
1816,Fatal,0
1817,Fatal,0
1818,Fatal,0
1819,Fatal,0
1820,Fatal,0
1821,Fatal,0
1822,Fatal,0
1823,Fatal,0
1824,Fatal,0
1825,Fatal,0
1826,Fatal,0
1827,Fatal,0
1828,Fatal,0
1829,Fatal,0
1830,Fatal,1
1831,Fatal,0
1832,Fatal,0
1833,Fatal,0
1834,Fatal,0
1835,Fatal,0
1836,Fatal,0
1837,Fatal,0
1838,Fatal,0
1839,Fatal,0
1840,Fatal,1
1841,Fatal,0
1842,Fatal,0
1843,Fatal,0
1844,Fatal,0
1845,Fatal,0
1846,Fatal,0
1847,Fatal,0
1848,Fatal,1
1849,Fatal,0
1850,Fatal,1
1851,Fatal,0
1852,Fatal,0
1853,Fatal,0
1854,Fatal,0
1855,Fatal,1
1856,Fatal,0
1857,Fatal,0
1858,Fatal,0
1859,Fatal,0
1860,Fatal,0
1861,Fatal,0
1862,Fatal,0
1863,Fatal,0
1864,Fatal,0
1865,Fatal,0
1866,Fatal,0
1867,Fatal,0
1868,Fatal,0
1869,Fatal,0
1870,Fatal,0
1871,Fatal,0
1872,Fatal,0
1873,Fatal,0
1874,Fatal,0
1875,Fatal,0
1876,Fatal,0
1877,Fatal,0
1878,Fatal,0
1879,Fatal,0
1880,Fatal,0
1881,Fatal,1
1882,Fatal,0
1883,Fatal,1
1884,Fatal,1
1885,Fatal,0
1886,Fatal,0
1887,Fatal,1
1888,Fatal,0
1889,Fatal,0
1890,Fatal,0
1891,Fatal,0
1892,Fatal,0
1893,Fatal,0
1894,Non-Fatal Injury,0
1895,Fatal,0
1896,Fatal,1
1897,Fatal,0
1898,Fatal,0
1899,Fatal,0
1900,Fatal,0
1901,Fatal,0
1902,Fatal,0
1903,Fatal,0
1904,Fatal,1
1905,Fatal,0
1906,Fatal,0
1907,Fatal,0
1908,Fatal,0
1909,Fatal,0
1910,Fatal,0
1911,Fatal,0
1912,Fatal,1
1913,Fatal,0
1914,Fatal,0
1915,Fatal,0
1916,Fatal,0
1917,Fatal,0
1918,Fatal,0
1919,Fatal,0
1920,Fatal,0
1921,Fatal,0
1922,Fatal,0
1923,Fatal,0
1924,Fatal,0
1925,Fatal,0
1926,Fatal,0
1927,Fatal,0
1928,Fatal,1
1929,Fatal,0
1930,Fatal,0
1931,Fatal,1
1932,Fatal,0
1933,Fatal,0
1934,Fatal,0
1935,Fatal,0
1936,Fatal,0
1937,Fatal,1
1938,Fatal,0
1939,Fatal,1
1940,Fatal,0
1941,Fatal,1
1942,Fatal,0
1943,Fatal,0
1944,Fatal,1
1945,Fatal,0
1946,Fatal,0
1947,Fatal,0
1948,Fatal,0
1949,Fatal,0
1950,Fatal,1
1951,Fatal,0
1952,Fatal,0
1953,Fatal,0
1954,Fatal,0
1955,Fatal,0
1956,Fatal,0
1957,Fatal,0
1958,Fatal,0
1959,Fatal,0
1960,Fatal,0
1961,Fatal,0
1962,Fatal,0
1963,Fatal,0
1964,Fatal,0
1965,Fatal,0
1966,Fatal,1
1967,Fatal,0
1968,Fatal,0
1969,Fatal,1
1970,Fatal,1
1971,Fatal,0
1972,Fatal,0
1973,Fatal,1
1974,Fatal,0
1975,Fatal,0
1976,Fatal,0
1977,Fatal,1
1978,Fatal,1
1979,Fatal,0
1980,Fatal,0
1981,Fatal,0
1982,Fatal,0
1983,Fatal,0
1984,Fatal,0
1985,Fatal,0
1986,Fatal,0
1987,Fatal,0
1988,Fatal,0
1989,Fatal,0
1990,Fatal,0
1991,Fatal,0
1992,Fatal,0
1993,Fatal,1
1994,Fatal,0
1995,Fatal,1
1996,Fatal,0
1997,Fatal,0
1998,Fatal,0
1999,Fatal,0
2000,Fatal,0
2001,Fatal,0
2002,Fatal,0
2003,Fatal,1
2004,Fatal,0
2005,Fatal,0
2006,Fatal,1
2007,Fatal,0
2008,Fatal,0
2009,Fatal,1
2010,Fatal,0
2011,Fatal,0
2012,Fatal,0
2013,Fatal,1
2014,Fatal,0
2015,Fatal,0
2016,Fatal,0
2017,Fatal,0
2018,Fatal,0
2019,Fatal,1
2020,Fatal,0
2021,Fatal,0
2022,Fatal,0
2023,Fatal,0
2024,Fatal,1
2025,Fatal,0
2026,Fatal,0
2027,Fatal,0
2028,Fatal,1
2029,Fatal,1
2030,Fatal,0
2031,Fatal,0
2032,Fatal,0
2033,Non-Fatal Injury,0
2034,Fatal,0
2035,Fatal,0
2036,Fatal,0
2037,Fatal,0
2038,Fatal,0
2039,Fatal,1
2040,Fatal,1
2041,Fatal,0
2042,Fatal,0
2043,Fatal,0
2044,Fatal,0
2045,Fatal,0
2046,Fatal,0
2047,Non-Fatal Injury,1
2048,Fatal,0
2049,Fatal,0
2050,Fatal,0
2051,Fatal,0
2052,Fatal,0
2053,Fatal,0
2054,Fatal,0
2055,Fatal,0
2056,Fatal,0
2057,Fatal,0
2058,Fatal,0
2059,Fatal,0
2060,Fatal,0
2061,Fatal,0
2062,Fatal,0
2063,Fatal,0
2064,Fatal,0
2065,Fatal,0
2066,Fatal,0
2067,Fatal,0
2068,Fatal,0
2069,Fatal,0
2070,Fatal,0
2071,Fatal,0
2072,Fatal,0
2073,Fatal,0
2074,Fatal,0
2075,Fatal,1
2076,Fatal,0
2077,Fatal,0
2078,Fatal,0
2079,Fatal,1
2080,Fatal,0
2081,Fatal,0
2082,Fatal,0
2083,Fatal,0
2084,Fatal,0
2085,Fatal,0
2086,Fatal,0
2087,Fatal,0
2088,Fatal,1
2089,Fatal,0
2090,Fatal,0
2091,Fatal,0
2092,Fatal,0
2093,Fatal,0
2094,Fatal,0
2095,Fatal,1
2096,Fatal,1
2097,Fatal,1
2098,Fatal,0
2099,Fatal,0
2100,Fatal,0
2101,Fatal,1
2102,Fatal,0
2103,Fatal,0
2104,Fatal,0
2105,Fatal,0
2106,Fatal,0
2107,Fatal,0
2108,Fatal,0
2109,Fatal,0
2110,Fatal,0
2111,Fatal,0
2112,Fatal,0
2113,Fatal,0
2114,Fatal,1
2115,Fatal,0
2116,Fatal,0
2117,Fatal,0
2118,Fatal,0
2119,Fatal,0
2120,Fatal,0
2121,Fatal,0
2122,Fatal,0
2123,Fatal,0
2124,Fatal,0
2125,Fatal,0
2126,Fatal,0
2127,Fatal,1
2128,Fatal,0
2129,Fatal,0
2130,Fatal,1
2131,Fatal,0
2132,Fatal,0
2133,Fatal,0
2134,Fatal,0
2135,Fatal,0
2136,Fatal,0
2137,Fatal,0
2138,Fatal,0
2139,Fatal,0
2140,Fatal,0
2141,Fatal,0
2142,Fatal,0
2143,Fatal,0
2144,Fatal,0
2145,Fatal,0
2146,Fatal,1
2147,Fatal,0
2148,Non-Fatal Injury,1
2149,Fatal,0
2150,Fatal,0
2151,Fatal,1
2152,Fatal,0
2153,Fatal,0
2154,Fatal,0
2155,Fatal,0
2156,Fatal,0
2157,Fatal,0
2158,Fatal,0
2159,Fatal,0
2160,Fatal,1
2161,Fatal,0
2162,Fatal,0
2163,Fatal,0
2164,Fatal,0
2165,Fatal,0
2166,Fatal,0
2167,Fatal,1
2168,Fatal,0
2169,Fatal,0
2170,Fatal,0
2171,Fatal,0
2172,Fatal,0
2173,Fatal,0
2174,Fatal,1
2175,Fatal,0
2176,Fatal,0
2177,Fatal,0
2178,Fatal,0
2179,Fatal,0
2180,Fatal,0
2181,Fatal,0
2182,Fatal,0
2183,Fatal,0
2184,Fatal,0
2185,Fatal,0
2186,Fatal,0
2187,Fatal,0
2188,Fatal,0
2189,Fatal,0
2190,Fatal,0
2191,Fatal,0
2192,Fatal,0
2193,Fatal,0
2194,Fatal,0
2195,Fatal,0
2196,Fatal,0
2197,Fatal,0
2198,Fatal,1
2199,Fatal,0
2200,Fatal,0
2201,Fatal,1
2202,Fatal,0
2203,Fatal,0
2204,Fatal,1
2205,Fatal,0
2206,Fatal,0
2207,Fatal,1
2208,Fatal,0
2209,Fatal,0
2210,Fatal,0
2211,Fatal,0
2212,Fatal,0
2213,Fatal,0
2214,Fatal,1
2215,Fatal,1
2216,Fatal,0
2217,Fatal,0
2218,Fatal,0
2219,Fatal,0
2220,Fatal,0
2221,Fatal,1
2222,Fatal,0
2223,Fatal,1
2224,Fatal,1
2225,Fatal,0
2226,Fatal,0
2227,Fatal,0
2228,Fatal,0
2229,Fatal,0
2230,Fatal,0
2231,Fatal,1
2232,Fatal,0
2233,Fatal,0
2234,Fatal,0
2235,Fatal,0
2236,Fatal,0
2237,Fatal,0
2238,Fatal,0
2239,Fatal,0
2240,Fatal,0
2241,Fatal,0
2242,Fatal,0
2243,Fatal,0
2244,Fatal,1
2245,Fatal,0
2246,Fatal,0
2247,Fatal,0
2248,Fatal,0
2249,Fatal,0
2250,Fatal,0
2251,Fatal,0
2252,Fatal,0
2253,Fatal,0
2254,Fatal,0
2255,Fatal,1
2256,Fatal,0
2257,Fatal,0
2258,Fatal,0
2259,Fatal,0
2260,Fatal,0
2261,Fatal,1
2262,Fatal,0
2263,Fatal,0
2264,Fatal,0
2265,Fatal,0
2266,Fatal,0
2267,Fatal,1
2268,Fatal,0
2269,Fatal,0
2270,Fatal,0
2271,Fatal,0
2272,Fatal,0
2273,Fatal,0
2274,Fatal,0
2275,Fatal,0
2276,Fatal,0
2277,Fatal,0
2278,Fatal,1
2279,Fatal,0
2280,Fatal,0
2281,Fatal,0
2282,Fatal,0
2283,Fatal,1
2284,Fatal,0
2285,Fatal,1
2286,Fatal,0
2287,Fatal,0
2288,Fatal,0
2289,Fatal,0
2290,Fatal,1
2291,Fatal,0
2292,Fatal,0
2293,Fatal,0
2294,Fatal,0
2295,Fatal,0
2296,Fatal,0
2297,Fatal,0
2298,Fatal,0
2299,Fatal,0
2300,Fatal,0
2301,Fatal,0
2302,Fatal,0
2303,Fatal,0
2304,Fatal,0
2305,Fatal,0
2306,Fatal,0
2307,Fatal,0
2308,Fatal,0
2309,Fatal,0
2310,Fatal,0
2311,Fatal,0
2312,Fatal,0
2313,Fatal,0
2314,Fatal,0
2315,Fatal,0
2316,Fatal,0
2317,Fatal,0
2318,Fatal,0
2319,Fatal,0
2320,Fatal,0
2321,Fatal,0
2322,Fatal,0
2323,Fatal,0
2324,Fatal,0
2325,Fatal,0
2326,Fatal,0
2327,Fatal,0
2328,Fatal,0
2329,Fatal,0
2330,Fatal,0
2331,Fatal,0
2332,Fatal,0
2333,Fatal,0
2334,Fatal,0
2335,Fatal,0
2336,Fatal,0
2337,Fatal,0
2338,Fatal,0
2339,Fatal,0
2340,Fatal,0
2341,Fatal,0
2342,Fatal,0
2343,Fatal,1
2344,Fatal,0
2345,Fatal,0
2346,Fatal,0
2347,Fatal,0
2348,Fatal,0
2349,Fatal,0
2350,Fatal,0
2351,Fatal,0
2352,Fatal,0
2353,Fatal,1
2354,Fatal,0
2355,Fatal,0
2356,Fatal,0
2357,Fatal,1
2358,Fatal,0
2359,Fatal,0
2360,Fatal,0
2361,Fatal,1
2362,Fatal,0
2363,Fatal,0
2364,Fatal,0
2365,Fatal,1
2366,Fatal,0
2367,Fatal,0
2368,Fatal,0
2369,Fatal,0
2370,Fatal,0
2371,Fatal,0
2372,Fatal,0
2373,Fatal,0
2374,Fatal,0
2375,Fatal,0
2376,Fatal,0
2377,Fatal,1
2378,Fatal,1
2379,Fatal,0
2380,Fatal,0
2381,Fatal,0
2382,Fatal,0
2383,Fatal,0
2384,Fatal,0
2385,Fatal,1
2386,Fatal,0
2387,Fatal,0
2388,Fatal,0
2389,Fatal,0
2390,Fatal,0
2391,Fatal,0
2392,Fatal,0
2393,Fatal,0
2394,Fatal,0
2395,Fatal,0
2396,Fatal,0
2397,Fatal,0
2398,Fatal,0
2399,Fatal,0
2400,Fatal,0
2401,Fatal,0
2402,Fatal,0
2403,Fatal,1
2404,Fatal,0
2405,Fatal,0
2406,Fatal,0
2407,Fatal,0
2408,Fatal,0
2409,Fatal,0
2410,Fatal,0
2411,Fatal,0
2412,Fatal,0
2413,Fatal,0
2414,Fatal,0
2415,Fatal,0
2416,Fatal,0
2417,Fatal,1
2418,Fatal,0
2419,Fatal,0
2420,Fatal,0
2421,Fatal,0
2422,Fatal,0
2423,Fatal,0
2424,Fatal,0
2425,Fatal,0
2426,Fatal,0
2427,Fatal,1
2428,Fatal,0
2429,Fatal,0
2430,Fatal,0
2431,Fatal,0
2432,Fatal,0
2433,Fatal,0
2434,Fatal,0
2435,Fatal,0
2436,Fatal,0
2437,Fatal,0
2438,Fatal,0
2439,Fatal,0
2440,Fatal,0
2441,Fatal,0
2442,Fatal,1
2443,Fatal,0
2444,Fatal,0
2445,Fatal,0
2446,Fatal,1
2447,Fatal,0
2448,Fatal,0
2449,Fatal,0
2450,Fatal,0
2451,Fatal,0
2452,Fatal,1
2453,Fatal,0
2454,Fatal,0
2455,Fatal,0
2456,Fatal,1
2457,Fatal,0
2458,Fatal,0
2459,Fatal,0
2460,Fatal,0
2461,Fatal,0
2462,Fatal,0
2463,Fatal,0
2464,Fatal,0
2465,Fatal,0
2466,Fatal,0
2467,Fatal,0
2468,Fatal,0
2469,Fatal,0
2470,Fatal,0
2471,Fatal,0
2472,Fatal,0
2473,Fatal,0
2474,Fatal,0
2475,Fatal,0
2476,Fatal,1
2477,Fatal,1
2478,Fatal,0
2479,Fatal,0
2480,Fatal,0
2481,Fatal,0
2482,Fatal,0
2483,Fatal,1
2484,Fatal,0
2485,Fatal,0
2486,Fatal,1
2487,Fatal,1
2488,Fatal,0
2489,Fatal,0
2490,Fatal,0
2491,Fatal,0
2492,Fatal,0
2493,Fatal,0
2494,Fatal,0
2495,Fatal,0
2496,Fatal,1
2497,Fatal,0
2498,Fatal,0
2499,Fatal,0
2500,Fatal,0
2501,Fatal,0
2502,Fatal,0
2503,Fatal,0
2504,Fatal,0
2505,Fatal,0
2506,Fatal,0
2507,Fatal,0
2508,Fatal,0
2509,Fatal,0
2510,Fatal,0
2511,Fatal,0
2512,Fatal,1
2513,Fatal,0
2514,Fatal,0
2515,Fatal,0
2516,Fatal,0
2517,Fatal,0
2518,Fatal,0
2519,Fatal,0
2520,Fatal,1
2521,Fatal,0
2522,Fatal,0
2523,Fatal,0
2524,Fatal,0
2525,Fatal,0
2526,Fatal,0
2527,Fatal,1
2528,Fatal,0
2529,Fatal,0
2530,Fatal,0
2531,Fatal,0
2532,Fatal,0
2533,Fatal,0
2534,Fatal,0
2535,Fatal,0
2536,Fatal,0
2537,Fatal,0
2538,Fatal,0
2539,Fatal,0
2540,Fatal,0
2541,Fatal,0
2542,Fatal,0
2543,Fatal,0
2544,Fatal,0
2545,Fatal,1
2546,Fatal,0
2547,Fatal,1
2548,Fatal,0
2549,Fatal,1
2550,Fatal,0
2551,Fatal,1
2552,Fatal,0
2553,Fatal,0
2554,Fatal,0
2555,Fatal,1
2556,Fatal,0
2557,Fatal,1
2558,Fatal,0
2559,Fatal,1
2560,Fatal,0
2561,Fatal,0
2562,Fatal,0
2563,Fatal,0
2564,Fatal,0
2565,Fatal,0
2566,Fatal,0
2567,Fatal,0
2568,Fatal,0
2569,Fatal,0
2570,Fatal,0
2571,Fatal,0
2572,Fatal,1
2573,Fatal,0
2574,Fatal,0
2575,Fatal,0
2576,Fatal,0
2577,Fatal,1
2578,Fatal,0
2579,Fatal,0
2580,Fatal,0
2581,Fatal,1
2582,Fatal,0
2583,Fatal,0
2584,Fatal,0
2585,Fatal,0
2586,Fatal,0
2587,Fatal,0
2588,Fatal,0
2589,Fatal,0
2590,Fatal,0
2591,Fatal,0
2592,Fatal,0
2593,Fatal,1
2594,Fatal,1
2595,Fatal,0
2596,Fatal,0
2597,Fatal,1
2598,Fatal,0
2599,Fatal,0
2600,Fatal,1
2601,Fatal,0
2602,Fatal,0
2603,Fatal,0
2604,Fatal,0
2605,Fatal,0
2606,Fatal,0
2607,Fatal,0
2608,Fatal,1
2609,Fatal,1
2610,Fatal,0
2611,Fatal,0
2612,Fatal,0
2613,Fatal,0
2614,Non-Fatal Injury,1
2615,Fatal,0
2616,Fatal,0
2617,Fatal,0
2618,Fatal,0
2619,Fatal,0
2620,Fatal,0
2621,Fatal,0
2622,Fatal,0
2623,Fatal,0
2624,Non-Fatal Injury,1
2625,Fatal,0
2626,Fatal,0
2627,Fatal,0
2628,Fatal,0
2629,Fatal,0
2630,Fatal,0
2631,Fatal,0
2632,Fatal,1
2633,Fatal,0
2634,Fatal,0
2635,Fatal,0
2636,Fatal,0
2637,Fatal,0
2638,Fatal,0
2639,Fatal,0
2640,Fatal,0
2641,Fatal,0
2642,Fatal,0
2643,Fatal,1
2644,Fatal,0
2645,Fatal,0
2646,Fatal,0
2647,Fatal,1
2648,Fatal,0
2649,Fatal,0
2650,Fatal,1
2651,Fatal,0
2652,Fatal,0
2653,Fatal,0
2654,Fatal,0
2655,Fatal,0
2656,Fatal,0
2657,Fatal,0
2658,Fatal,0
2659,Fatal,0
2660,Fatal,0
2661,Fatal,0
2662,Fatal,0
2663,Fatal,0
2664,Fatal,0
2665,Fatal,0
2666,Fatal,0
2667,Fatal,1
2668,Fatal,0
2669,Fatal,0
2670,Fatal,0
2671,Non-Fatal Injury,1
2672,Fatal,1
2673,Fatal,0
2674,Fatal,0
2675,Fatal,0
2676,Fatal,0
2677,Fatal,0
2678,Fatal,0
2679,Fatal,1
2680,Fatal,1
2681,Fatal,0
2682,Fatal,1
2683,Fatal,0
2684,Fatal,0
2685,Fatal,0
2686,Fatal,0
2687,Fatal,0
2688,Fatal,0
2689,Fatal,0
2690,Fatal,0
2691,Fatal,0
2692,Fatal,0
2693,Fatal,0
2694,Fatal,0
2695,Fatal,0
2696,Fatal,0
2697,Fatal,0
2698,Fatal,0
2699,Fatal,0
2700,Fatal,0
2701,Fatal,0
2702,Fatal,0
2703,Fatal,0
2704,Fatal,0
2705,Fatal,0
2706,Fatal,0
2707,Fatal,0
2708,Fatal,0
2709,Fatal,0
2710,Fatal,0
2711,Fatal,0
2712,Fatal,0
2713,Fatal,0
2714,Fatal,0
2715,Fatal,0
2716,Fatal,0
2717,Fatal,0
2718,Fatal,0
2719,Fatal,0
2720,Fatal,0
2721,Fatal,0
2722,Fatal,0
2723,Fatal,1
2724,Fatal,0
2725,Fatal,0
2726,Fatal,0
2727,Fatal,1
2728,Fatal,0
2729,Fatal,0
2730,Fatal,0
2731,Fatal,1
2732,Fatal,0
2733,Fatal,0
2734,Fatal,0
2735,Fatal,0
2736,Fatal,0
2737,Fatal,0
2738,Fatal,0
2739,Fatal,0
2740,Fatal,1
2741,Fatal,0
2742,Fatal,0
2743,Fatal,0
2744,Fatal,0
2745,Fatal,0
2746,Fatal,0
2747,Fatal,0
2748,Fatal,0
2749,Fatal,0
2750,Fatal,0
2751,Fatal,0
2752,Fatal,0
2753,Fatal,0
2754,Fatal,0
2755,Fatal,0
2756,Fatal,0
2757,Fatal,0
2758,Fatal,0
2759,Fatal,0
2760,Fatal,1
2761,Fatal,0
2762,Fatal,0
2763,Fatal,0
2764,Fatal,0
2765,Fatal,0
2766,Fatal,0
2767,Fatal,0
2768,Fatal,1
2769,Fatal,0
2770,Fatal,0
2771,Fatal,0
2772,Fatal,0
2773,Fatal,0
2774,Fatal,0
2775,Fatal,0
2776,Fatal,0
2777,Fatal,1
2778,Fatal,1
2779,Fatal,0
2780,Fatal,0
2781,Fatal,1
2782,Fatal,0
2783,Fatal,0
2784,Fatal,0
2785,Fatal,1
2786,Fatal,0
2787,Fatal,0
2788,Fatal,0
2789,Fatal,1
2790,Fatal,0
2791,Fatal,0
2792,Fatal,0
2793,Fatal,0
2794,Fatal,0
2795,Fatal,0
2796,Fatal,0
2797,Fatal,0
2798,Fatal,0
2799,Fatal,0
2800,Fatal,0
2801,Fatal,0
2802,Fatal,0
2803,Fatal,0
2804,Fatal,0
2805,Fatal,1
2806,Fatal,0
2807,Fatal,0
2808,Fatal,0
2809,Fatal,0
2810,Fatal,0
2811,Fatal,0
2812,Fatal,0
2813,Fatal,0
2814,Fatal,0
2815,Fatal,0
2816,Fatal,0
2817,Fatal,0
2818,Fatal,0
2819,Fatal,0
2820,Fatal,0
2821,Fatal,0
2822,Fatal,1
2823,Fatal,0
2824,Fatal,0
2825,Fatal,0
2826,Fatal,0
2827,Fatal,0
2828,Fatal,0
2829,Fatal,0
2830,Fatal,0
2831,Fatal,0
2832,Fatal,0
2833,Fatal,0
2834,Fatal,0
2835,Fatal,0
2836,Fatal,0
2837,Fatal,0
2838,Fatal,0
2839,Fatal,0
2840,Fatal,0
2841,Fatal,0
2842,Fatal,0
2843,Fatal,0
2844,Fatal,0
2845,Fatal,0
2846,Fatal,0
2847,Fatal,0
2848,Fatal,0
2849,Fatal,0
2850,Fatal,0
2851,Fatal,0
2852,Fatal,0
2853,Fatal,0
2854,Fatal,0
2855,Fatal,0
2856,Fatal,0
2857,Fatal,0
2858,Fatal,0
2859,Fatal,0
2860,Fatal,0
2861,Fatal,0
2862,Fatal,1
2863,Fatal,0
2864,Fatal,0
2865,Fatal,0
2866,Fatal,0
2867,Fatal,0
2868,Fatal,0
2869,Fatal,0
2870,Fatal,0
2871,Fatal,1
2872,Fatal,0
2873,Fatal,0
2874,Fatal,0
2875,Fatal,0
2876,Fatal,1
2877,Fatal,0
2878,Fatal,0
2879,Fatal,0
2880,Fatal,1
2881,Fatal,0
2882,Fatal,0
2883,Fatal,0
2884,Fatal,0
2885,Fatal,0
2886,Fatal,1
2887,Fatal,0
2888,Fatal,0
2889,Fatal,0
2890,Fatal,0
2891,Fatal,0
2892,Fatal,0
2893,Fatal,0
2894,Fatal,1
2895,Fatal,0
2896,Fatal,0
2897,Fatal,0
2898,Fatal,1
2899,Fatal,0
2900,Fatal,0
2901,Fatal,0
2902,Fatal,0
2903,Fatal,0
2904,Fatal,0
2905,Fatal,0
2906,Fatal,0
2907,Fatal,0
2908,Fatal,0
2909,Fatal,0
2910,Fatal,0
2911,Fatal,0
2912,Fatal,0
2913,Fatal,0
2914,Fatal,0
2915,Fatal,1
2916,Fatal,1
2917,Fatal,0
2918,Fatal,0
2919,Fatal,0
2920,Fatal,0
2921,Fatal,1
2922,Fatal,0
2923,Fatal,0
2924,Fatal,0
2925,Fatal,0
2926,Fatal,0
2927,Fatal,0
2928,Fatal,0
2929,Fatal,0
2930,Fatal,0
2931,Non-Fatal Injury,0
2932,Fatal,0
2933,Fatal,0
2934,Fatal,0
2935,Fatal,1
2936,Fatal,1
2937,Fatal,0
2938,Fatal,0
2939,Fatal,0
2940,Fatal,0
2941,Fatal,0
2942,Fatal,0
2943,Fatal,0
2944,Fatal,0
2945,Fatal,0
2946,Fatal,0
2947,Fatal,0
2948,Fatal,0
2949,Fatal,0
2950,Fatal,0
2951,Fatal,1
2952,Fatal,0
2953,Fatal,0
2954,Fatal,0
2955,Fatal,1
2956,Fatal,0
2957,Fatal,0
2958,Fatal,0
2959,Fatal,0
2960,Fatal,0
2961,Fatal,0
2962,Fatal,0
2963,Fatal,0
2964,Fatal,0
2965,Fatal,0
2966,Fatal,0
2967,Fatal,0
2968,Fatal,1
2969,Fatal,0
2970,Fatal,0
2971,Fatal,1
2972,Fatal,1
2973,Fatal,0
2974,Fatal,0
2975,Fatal,0
2976,Fatal,0
2977,Fatal,0
2978,Fatal,0
2979,Fatal,0
2980,Fatal,0
2981,Fatal,0
2982,Fatal,0
2983,Fatal,0
2984,Fatal,1
2985,Fatal,0
2986,Fatal,0
2987,Fatal,0
2988,Fatal,1
2989,Fatal,0
2990,Fatal,0
2991,Fatal,0
2992,Fatal,0
2993,Fatal,0
2994,Fatal,0
2995,Fatal,0
2996,Fatal,0
2997,Fatal,0
2998,Fatal,0
2999,Fatal,0
3000,Fatal,0
3001,Fatal,0
3002,Fatal,0
3003,Fatal,0
3004,Fatal,0
3005,Fatal,1
3006,Fatal,0
3007,Fatal,0
3008,Fatal,0
3009,Fatal,1
3010,Fatal,0
3011,Fatal,0
3012,Fatal,0
3013,Fatal,1
3014,Fatal,0
3015,Fatal,0
3016,Fatal,0
3017,Fatal,0
3018,Fatal,0
3019,Fatal,0
3020,Fatal,0
3021,Fatal,1
3022,Fatal,0
3023,Fatal,0
3024,Fatal,0
3025,Fatal,0
3026,Fatal,0
3027,Fatal,0
3028,Fatal,0
3029,Fatal,0
3030,Fatal,0
3031,Fatal,0
3032,Fatal,0
3033,Fatal,0
3034,Fatal,0
3035,Fatal,1
3036,Fatal,0
3037,Fatal,0
3038,Fatal,1
3039,Fatal,1
3040,Fatal,0
3041,Fatal,0
3042,Fatal,0
3043,Fatal,0
3044,Fatal,0
3045,Fatal,1
3046,Fatal,0
3047,Fatal,0
3048,Fatal,0
3049,Fatal,0
3050,Fatal,0
3051,Fatal,0
3052,Fatal,0
3053,Fatal,0
3054,Fatal,0
3055,Fatal,0
3056,Fatal,0
3057,Fatal,0
3058,Fatal,0
3059,Fatal,0
3060,Fatal,0
3061,Fatal,0
3062,Fatal,0
3063,Fatal,0
3064,Fatal,0
3065,Fatal,0
3066,Fatal,1
3067,Fatal,0
3068,Fatal,0
3069,Fatal,0
3070,Fatal,0
3071,Fatal,0
3072,Fatal,0
3073,Fatal,0
3074,Fatal,0
3075,Fatal,0
3076,Fatal,0
3077,Fatal,1
3078,Fatal,0
3079,Fatal,1
3080,Fatal,0
3081,Fatal,0
3082,Fatal,0
3083,Fatal,0
3084,Fatal,0
3085,Fatal,0
3086,Fatal,0
3087,Fatal,0
3088,Fatal,0
3089,Fatal,0
3090,Fatal,0
3091,Fatal,0
3092,Fatal,1
3093,Fatal,0
3094,Fatal,0
3095,Fatal,0
3096,Fatal,0
3097,Fatal,0
3098,Fatal,0
3099,Fatal,0
3100,Fatal,0
3101,Fatal,0
3102,Fatal,0
3103,Fatal,0
3104,Fatal,0
3105,Fatal,0
3106,Fatal,0
3107,Fatal,0
3108,Fatal,0
3109,Fatal,0
3110,Fatal,1
3111,Fatal,0
3112,Fatal,0
3113,Fatal,0
3114,Fatal,0
3115,Fatal,1
3116,Fatal,1
3117,Fatal,0
3118,Fatal,0
3119,Fatal,0
3120,Fatal,1
3121,Fatal,0
3122,Fatal,0
3123,Fatal,0
3124,Fatal,0
3125,Fatal,0
3126,Fatal,0
3127,Fatal,0
3128,Fatal,0
3129,Fatal,0
3130,Fatal,0
3131,Fatal,0
3132,Fatal,0
3133,Fatal,0
3134,Fatal,0
3135,Fatal,0
3136,Fatal,0
3137,Fatal,1
3138,Fatal,0
3139,Fatal,0
3140,Fatal,0
3141,Fatal,0
3142,Fatal,0
3143,Fatal,0
3144,Fatal,0
3145,Fatal,0
3146,Fatal,1
3147,Fatal,0
3148,Fatal,0
3149,Fatal,1
3150,Fatal,0
3151,Fatal,1
3152,Fatal,0
3153,Fatal,0
3154,Fatal,0
3155,Fatal,0
3156,Fatal,0
3157,Fatal,0
3158,Fatal,0
3159,Fatal,0
3160,Fatal,0
3161,Fatal,0
3162,Fatal,0
3163,Fatal,1
3164,Fatal,1
3165,Fatal,1
3166,Fatal,0
3167,Fatal,0
3168,Fatal,0
3169,Fatal,0
3170,Fatal,0
3171,Fatal,1
3172,Fatal,0
3173,Fatal,0
3174,Fatal,0
3175,Fatal,0
3176,Fatal,0
3177,Fatal,0
3178,Fatal,0
3179,Fatal,0
3180,Fatal,1
3181,Fatal,0
3182,Fatal,0
3183,Fatal,0
3184,Fatal,0
3185,Fatal,0
3186,Fatal,0
3187,Fatal,0
3188,Fatal,0
3189,Fatal,0
3190,Fatal,0
3191,Fatal,0
3192,Fatal,0
3193,Fatal,0
3194,Fatal,1
3195,Fatal,0
3196,Fatal,0
3197,Fatal,0
3198,Fatal,0
3199,Fatal,1
3200,Fatal,0
3201,Fatal,0
3202,Fatal,0
3203,Fatal,1
3204,Fatal,0
3205,Fatal,0
3206,Fatal,0
3207,Fatal,0
3208,Fatal,0
3209,Fatal,0
3210,Fatal,0
3211,Fatal,1
3212,Fatal,0
3213,Fatal,0
3214,Fatal,0
3215,Fatal,0
3216,Fatal,0
3217,Fatal,0
3218,Fatal,0
3219,Fatal,1
3220,Fatal,0
3221,Fatal,0
3222,Fatal,0
3223,Fatal,0
3224,Fatal,1
3225,Fatal,1
3226,Fatal,0
3227,Fatal,1
3228,Fatal,1
3229,Fatal,0
3230,Fatal,1
3231,Fatal,0
3232,Fatal,0
3233,Fatal,0
3234,Fatal,0
3235,Fatal,0
3236,Fatal,0
3237,Fatal,0
3238,Fatal,0
3239,Fatal,0
3240,Fatal,0
3241,Fatal,0
3242,Fatal,0
3243,Fatal,0
3244,Fatal,0
3245,Fatal,0
3246,Fatal,0
3247,Fatal,0
3248,Fatal,0
3249,Fatal,0
3250,Fatal,0
3251,Fatal,1
3252,Fatal,0
3253,Fatal,0
3254,Fatal,0
3255,Fatal,0
3256,Fatal,1
3257,Fatal,0
3258,Fatal,0
3259,Fatal,0
3260,Fatal,0
3261,Fatal,0
3262,Fatal,0
3263,Fatal,0
3264,Fatal,0
3265,Fatal,0
3266,Fatal,0
3267,Fatal,0
3268,Fatal,0
3269,Fatal,0
3270,Fatal,0
3271,Fatal,0
3272,Fatal,0
3273,Fatal,1
3274,Fatal,0
3275,Fatal,0
3276,Fatal,0
3277,Fatal,0
3278,Fatal,0
3279,Fatal,0
3280,Fatal,0
3281,Fatal,0
3282,Fatal,1
3283,Fatal,0
3284,Fatal,0
3285,Fatal,0
3286,Fatal,0
3287,Fatal,0
3288,Fatal,1
3289,Fatal,0
3290,Fatal,0
3291,Fatal,0
3292,Fatal,0
3293,Fatal,0
3294,Fatal,0
3295,Fatal,0
3296,Fatal,0
3297,Fatal,0
3298,Fatal,0
3299,Fatal,0
3300,Fatal,0
3301,Fatal,0
3302,Fatal,1
3303,Fatal,0
3304,Fatal,0
3305,Fatal,0
3306,Fatal,0
3307,Fatal,0
3308,Fatal,0
3309,Fatal,1
3310,Fatal,0
3311,Fatal,0
3312,Fatal,1
3313,Fatal,0
3314,Fatal,1
3315,Fatal,0
3316,Fatal,0
3317,Fatal,0
3318,Fatal,0
3319,Fatal,0
3320,Fatal,0
3321,Fatal,0
3322,Fatal,1
3323,Fatal,0
3324,Fatal,0
3325,Fatal,0
3326,Fatal,1
3327,Fatal,0
3328,Fatal,0
3329,Fatal,0
3330,Fatal,1
3331,Fatal,0
3332,Fatal,0
3333,Fatal,0
3334,Fatal,0
3335,Fatal,0
3336,Fatal,0
3337,Fatal,0
3338,Fatal,0
3339,Fatal,0
3340,Fatal,0
3341,Fatal,1
3342,Fatal,0
3343,Fatal,0
3344,Fatal,0
3345,Fatal,1
3346,Fatal,0
3347,Fatal,0
3348,Fatal,1
3349,Fatal,0
3350,Fatal,0
3351,Fatal,0
3352,Fatal,0
3353,Fatal,0
3354,Fatal,1
3355,Fatal,0
3356,Fatal,0
3357,Fatal,0
3358,Fatal,0
3359,Fatal,0
3360,Fatal,0
3361,Fatal,0
3362,Fatal,1
3363,Fatal,0
3364,Fatal,0
3365,Fatal,0
3366,Fatal,0
3367,Fatal,0
3368,Fatal,0
3369,Fatal,1
3370,Fatal,0
3371,Fatal,1
3372,Fatal,0
3373,Fatal,0
3374,Fatal,0
3375,Fatal,0
3376,Fatal,0
3377,Fatal,0
3378,Fatal,0
3379,Fatal,1
3380,Fatal,0
3381,Fatal,0
3382,Fatal,0
3383,Fatal,1
3384,Fatal,0
3385,Fatal,0
3386,Fatal,0
3387,Fatal,0
3388,Fatal,0
3389,Fatal,0
3390,Fatal,0
3391,Fatal,0
3392,Fatal,0
3393,Fatal,0
3394,Fatal,1
3395,Fatal,0
3396,Fatal,1
3397,Fatal,0
3398,Fatal,0
3399,Fatal,0
3400,Fatal,0
3401,Fatal,0
3402,Fatal,0
3403,Fatal,1
3404,Fatal,0
3405,Fatal,0
3406,Fatal,0
3407,Fatal,0
3408,Fatal,0
3409,Fatal,0
3410,Fatal,0
3411,Fatal,0
3412,Fatal,1
3413,Fatal,0
3414,Fatal,1
3415,Fatal,0
3416,Fatal,0
3417,Fatal,0
3418,Fatal,0
3419,Fatal,0
3420,Fatal,0
3421,Fatal,1
3422,Fatal,1
3423,Fatal,0
3424,Fatal,0
3425,Fatal,0
3426,Fatal,0
3427,Fatal,1
3428,Fatal,0
3429,Fatal,0
3430,Fatal,0
3431,Fatal,0
3432,Fatal,0
3433,Fatal,0
3434,Fatal,0
3435,Fatal,0
3436,Fatal,0
3437,Fatal,0
3438,Fatal,0
3439,Fatal,1
3440,Fatal,0
3441,Fatal,0
3442,Fatal,0
3443,Fatal,0
3444,Fatal,0
3445,Fatal,0
3446,Fatal,0
3447,Fatal,0
3448,Fatal,0
3449,Fatal,0
3450,Fatal,0
3451,Fatal,0
3452,Fatal,0
3453,Fatal,0
3454,Fatal,0
3455,Fatal,0
3456,Fatal,0
3457,Fatal,1
3458,Fatal,0
3459,Fatal,0
3460,Fatal,0
3461,Fatal,0
3462,Fatal,0
3463,Fatal,1
3464,Fatal,0
3465,Fatal,0
3466,Fatal,0
3467,Fatal,0
3468,Fatal,0
3469,Fatal,0
3470,Fatal,0
3471,Fatal,0
3472,Fatal,0
3473,Fatal,0
3474,Fatal,0
3475,Fatal,0
3476,Fatal,0
3477,Fatal,0
3478,Fatal,0
3479,Fatal,0
3480,Fatal,0
3481,Fatal,0
3482,Fatal,0
3483,Fatal,1
3484,Fatal,0
3485,Fatal,0
3486,Fatal,1
3487,Fatal,0
3488,Fatal,0
3489,Fatal,0
3490,Fatal,0
3491,Fatal,0
3492,Fatal,0
3493,Fatal,0
3494,Fatal,0
3495,Fatal,0
3496,Fatal,0
3497,Fatal,0
3498,Fatal,0
3499,Fatal,0
3500,Fatal,0
3501,Fatal,0
3502,Fatal,0
3503,Fatal,0
3504,Fatal,0
3505,Fatal,0
3506,Fatal,0
3507,Fatal,0
3508,Fatal,0
3509,Fatal,0
3510,Fatal,0
3511,Fatal,1
3512,Fatal,0
3513,Fatal,0
3514,Fatal,0
3515,Fatal,0
3516,Fatal,1
3517,Fatal,0
3518,Fatal,0
3519,Fatal,0
3520,Fatal,0
3521,Fatal,0
3522,Fatal,0
3523,Fatal,0
3524,Fatal,0
3525,Fatal,0
3526,Fatal,0
3527,Fatal,0
3528,Fatal,0
3529,Fatal,1
3530,Fatal,0
3531,Fatal,0
3532,Fatal,0
3533,Fatal,0
3534,Fatal,0
3535,Fatal,0
3536,Fatal,0
3537,Fatal,0
3538,Fatal,0
3539,Fatal,0
3540,Fatal,0
3541,Fatal,0
3542,Fatal,0
3543,Fatal,0
3544,Fatal,0
3545,Fatal,0
3546,Fatal,0
3547,Fatal,1
3548,Fatal,0
3549,Fatal,0
3550,Fatal,0
3551,Fatal,0
3552,Fatal,0
3553,Fatal,0
3554,Fatal,1
3555,Fatal,0
3556,Fatal,0
3557,Fatal,0
3558,Fatal,1
3559,Fatal,0
3560,Fatal,0
3561,Fatal,0
3562,Fatal,0
3563,Fatal,0
3564,Fatal,0
3565,Fatal,0
3566,Fatal,0
3567,Fatal,0
3568,Fatal,0
3569,Fatal,0
3570,Fatal,0
3571,Fatal,0
3572,Fatal,0
3573,Fatal,1
3574,Fatal,1
3575,Fatal,0
3576,Fatal,0
3577,Fatal,1
3578,Fatal,0
3579,Fatal,1
3580,Fatal,0
3581,Fatal,0
3582,Fatal,0
3583,Fatal,0
3584,Fatal,0
3585,Fatal,1
3586,Fatal,0
3587,Fatal,0
3588,Fatal,0
3589,Fatal,0
3590,Fatal,0
3591,Fatal,0
3592,Fatal,0
3593,Fatal,0
3594,Fatal,0
3595,Fatal,1
3596,Fatal,0
3597,Fatal,0
3598,Fatal,0
3599,Fatal,0
3600,Fatal,0
3601,Fatal,0
3602,Fatal,0
3603,Fatal,0
3604,Fatal,0
3605,Fatal,1
3606,Fatal,0
3607,Fatal,0
3608,Fatal,0
3609,Fatal,0
3610,Fatal,0
3611,Fatal,0
3612,Fatal,0
3613,Fatal,1
3614,Fatal,0
3615,Fatal,0
3616,Fatal,1
3617,Fatal,1
3618,Fatal,0
3619,Fatal,0
3620,Fatal,0
3621,Fatal,0
3622,Fatal,0
3623,Fatal,0
3624,Fatal,0
3625,Fatal,0
3626,Fatal,0
3627,Fatal,1
3628,Fatal,0
3629,Fatal,0
3630,Fatal,0
3631,Fatal,0
3632,Fatal,0
3633,Fatal,1
3634,Fatal,0
3635,Fatal,1
3636,Fatal,0
3637,Fatal,0
3638,Fatal,1
3639,Fatal,0
3640,Fatal,0
3641,Fatal,1
3642,Fatal,0
3643,Fatal,0
3644,Fatal,1
3645,Fatal,0
3646,Fatal,0
3647,Fatal,0
3648,Fatal,0
3649,Fatal,0
3650,Fatal,0
3651,Fatal,0
3652,Fatal,0
3653,Fatal,0
3654,Fatal,0
3655,Fatal,0
3656,Fatal,0
3657,Fatal,0
3658,Fatal,0
3659,Fatal,0
3660,Fatal,0
3661,Fatal,0
3662,Fatal,0
3663,Fatal,0
3664,Fatal,0
3665,Fatal,0
3666,Fatal,0
3667,Fatal,0
3668,Fatal,0
3669,Fatal,0
3670,Fatal,0
3671,Fatal,1
3672,Fatal,0
3673,Fatal,0
3674,Fatal,0
3675,Fatal,0
3676,Fatal,0
3677,Fatal,0
3678,Fatal,0
3679,Fatal,0
3680,Fatal,0
3681,Fatal,0
3682,Fatal,0
3683,Fatal,0
3684,Fatal,0
3685,Fatal,0
3686,Fatal,0
3687,Fatal,0
3688,Fatal,0
3689,Fatal,0
3690,Fatal,1
3691,Fatal,0
3692,Fatal,0
3693,Fatal,0
3694,Fatal,0
3695,Fatal,0
3696,Fatal,0
3697,Fatal,1
3698,Fatal,0
3699,Fatal,0
3700,Fatal,0
3701,Fatal,1
3702,Fatal,0
3703,Fatal,0
3704,Fatal,0
3705,Fatal,0
3706,Fatal,0
3707,Fatal,0
3708,Fatal,0
3709,Fatal,0
3710,Fatal,0
3711,Fatal,0
3712,Fatal,0
3713,Fatal,0
3714,Fatal,0
3715,Fatal,0
3716,Fatal,0
3717,Fatal,0
3718,Fatal,0
3719,Fatal,0
3720,Fatal,0
3721,Fatal,0
3722,Fatal,0
3723,Fatal,0
3724,Fatal,0
3725,Fatal,0
3726,Fatal,0
3727,Fatal,0
3728,Fatal,1
3729,Fatal,0
3730,Fatal,0
3731,Fatal,0
3732,Fatal,1
3733,Fatal,0
3734,Fatal,0
3735,Fatal,0
3736,Fatal,0
3737,Fatal,0
3738,Fatal,1
3739,Fatal,0
3740,Fatal,0
3741,Fatal,0
3742,Fatal,0
3743,Fatal,0
3744,Fatal,0
3745,Fatal,0
3746,Fatal,0
3747,Fatal,0
3748,Fatal,0
3749,Fatal,0
3750,Fatal,0
3751,Fatal,0
3752,Fatal,0
3753,Fatal,0
3754,Fatal,0
3755,Fatal,0
3756,Fatal,0
3757,Fatal,0
3758,Fatal,0
3759,Fatal,1
3760,Fatal,0
3761,Fatal,0
3762,Fatal,0
3763,Fatal,0
3764,Fatal,1
3765,Fatal,0
3766,Fatal,0
3767,Fatal,0
3768,Fatal,1
3769,Fatal,1
3770,Fatal,1
3771,Fatal,0
3772,Fatal,0
3773,Fatal,0
3774,Fatal,0
3775,Fatal,1
3776,Fatal,0
3777,Fatal,0
3778,Fatal,0
3779,Fatal,0
3780,Fatal,0
3781,Fatal,0
3782,Fatal,0
3783,Fatal,1
3784,Fatal,1
3785,Fatal,0
3786,Fatal,0
3787,Fatal,0
3788,Fatal,0
3789,Fatal,0
3790,Fatal,0
3791,Fatal,0
3792,Fatal,1
3793,Fatal,0
3794,Fatal,0
3795,Fatal,1
3796,Fatal,0
3797,Fatal,0
3798,Fatal,0
3799,Fatal,0
3800,Fatal,0
3801,Fatal,0
3802,Fatal,0
3803,Fatal,1
3804,Fatal,0
3805,Fatal,0
3806,Fatal,0
3807,Fatal,0
3808,Fatal,0
3809,Fatal,0
3810,Fatal,1
3811,Fatal,0
3812,Fatal,0
3813,Fatal,0
3814,Fatal,0
3815,Fatal,0
3816,Fatal,0
3817,Fatal,0
3818,Fatal,0
3819,Fatal,0
3820,Fatal,1
3821,Fatal,0
3822,Fatal,0
3823,Fatal,0
3824,Fatal,0
3825,Fatal,0
3826,Fatal,0
3827,Fatal,0
3828,Fatal,0
3829,Fatal,0
3830,Fatal,0
3831,Fatal,0
3832,Fatal,0
3833,Fatal,0
3834,Fatal,1
3835,Fatal,0
3836,Fatal,0
3837,Fatal,0
3838,Fatal,0
3839,Fatal,0
3840,Fatal,0
3841,Fatal,0
3842,Fatal,1
3843,Fatal,1
3844,Non-Fatal Injury,1
3845,Fatal,0
3846,Fatal,0
3847,Fatal,0
3848,Fatal,0
3849,Fatal,0
3850,Fatal,0
3851,Fatal,0
3852,Fatal,1
3853,Fatal,0
3854,Fatal,1
3855,Fatal,0
3856,Fatal,0
3857,Fatal,0
3858,Fatal,1
3859,Fatal,1
3860,Fatal,1
3861,Fatal,0
3862,Fatal,0
3863,Fatal,0
3864,Fatal,0
3865,Fatal,0
3866,Fatal,0
3867,Fatal,0
3868,Fatal,0
3869,Fatal,0
3870,Fatal,0
3871,Fatal,0
3872,Fatal,0
3873,Fatal,1
3874,Fatal,0
3875,Fatal,0
3876,Fatal,0
3877,Fatal,1
3878,Fatal,0
3879,Fatal,0
3880,Fatal,0
3881,Fatal,0
3882,Fatal,0
3883,Fatal,0
3884,Fatal,0
3885,Fatal,0
3886,Fatal,0
3887,Fatal,0
3888,Fatal,0
3889,Fatal,0
3890,Fatal,1
3891,Fatal,0
3892,Fatal,0
3893,Fatal,0
3894,Non-Fatal Injury,1
3895,Fatal,0
3896,Fatal,0
3897,Fatal,0
3898,Fatal,0
3899,Fatal,0
3900,Fatal,0
3901,Fatal,0
3902,Fatal,0
3903,Fatal,0
3904,Fatal,1
3905,Fatal,0
3906,Fatal,0
3907,Fatal,0
3908,Fatal,0
3909,Fatal,0
3910,Fatal,0
3911,Fatal,0
3912,Fatal,0
3913,Fatal,0
3914,Fatal,0
3915,Fatal,0
3916,Fatal,1
3917,Fatal,0
3918,Fatal,0
3919,Fatal,1
3920,Fatal,0
3921,Fatal,0
3922,Fatal,0
3923,Fatal,1
3924,Fatal,0
3925,Fatal,0
3926,Fatal,1
3927,Fatal,0
3928,Fatal,0
3929,Fatal,0
3930,Fatal,0
3931,Fatal,0
3932,Fatal,0
3933,Fatal,0
3934,Fatal,0
3935,Fatal,0
3936,Fatal,0
3937,Fatal,1
3938,Fatal,0
3939,Fatal,1
3940,Fatal,0
3941,Fatal,0
3942,Fatal,0
3943,Fatal,0
3944,Fatal,0
3945,Fatal,0
3946,Fatal,0
3947,Fatal,0
3948,Fatal,0
3949,Fatal,0
3950,Fatal,0
3951,Fatal,0
3952,Fatal,1
3953,Fatal,1
3954,Fatal,0
3955,Fatal,0
3956,Fatal,0
3957,Fatal,0
3958,Fatal,0
3959,Fatal,0
3960,Fatal,0
3961,Fatal,0
3962,Fatal,0
3963,Fatal,0
3964,Fatal,0
3965,Fatal,0
3966,Fatal,0
3967,Fatal,0
3968,Fatal,0
3969,Fatal,1
3970,Fatal,1
3971,Fatal,0
3972,Fatal,0
3973,Fatal,0
3974,Fatal,1
3975,Fatal,0
3976,Fatal,0
3977,Fatal,0
3978,Fatal,0
3979,Fatal,0
3980,Fatal,0
3981,Fatal,0
3982,Fatal,0
3983,Fatal,0
3984,Fatal,1
3985,Fatal,0
3986,Fatal,1
3987,Fatal,0
3988,Fatal,0
3989,Fatal,0
3990,Fatal,0
3991,Fatal,0
3992,Fatal,0
3993,Fatal,0
3994,Fatal,0
3995,Fatal,0
3996,Fatal,0
3997,Fatal,0
3998,Fatal,0
3999,Fatal,0
4000,Fatal,0
4001,Fatal,0
4002,Fatal,0
4003,Fatal,0
4004,Fatal,0
4005,Fatal,0
4006,Fatal,0
4007,Fatal,0
4008,Fatal,0
4009,Fatal,0
4010,Fatal,0
4011,Fatal,0
4012,Fatal,0
4013,Non-Fatal Injury,0
4014,Fatal,0
4015,Fatal,0
4016,Fatal,0
4017,Fatal,0
4018,Fatal,0
4019,Fatal,0
4020,Fatal,0
4021,Fatal,0
4022,Fatal,0
4023,Fatal,1
